{
    "name": "root",
    "gauges": {
        "SeekerBehavior.Policy.Entropy.mean": {
            "value": 1.9205149412155151,
            "min": 1.7473199367523193,
            "max": 2.0365242958068848,
            "count": 45
        },
        "SeekerBehavior.Policy.Entropy.sum": {
            "value": 58767.7578125,
            "min": 52520.328125,
            "max": 62219.890625,
            "count": 45
        },
        "SeekerBehavior.Step.mean": {
            "value": 6209983.0,
            "min": 4889994.0,
            "max": 6209983.0,
            "count": 45
        },
        "SeekerBehavior.Step.sum": {
            "value": 6209983.0,
            "min": 4889994.0,
            "max": 6209983.0,
            "count": 45
        },
        "SeekerBehavior.Policy.ExtrinsicValueEstimate.mean": {
            "value": 0.5625976920127869,
            "min": 0.19065873324871063,
            "max": 0.8539683222770691,
            "count": 45
        },
        "SeekerBehavior.Policy.ExtrinsicValueEstimate.sum": {
            "value": 81.01406860351562,
            "min": 25.738929748535156,
            "max": 116.99365997314453,
            "count": 45
        },
        "SeekerBehavior.Policy.CuriosityValueEstimate.mean": {
            "value": 0.6907923817634583,
            "min": 0.571112871170044,
            "max": 1.208093285560608,
            "count": 45
        },
        "SeekerBehavior.Policy.CuriosityValueEstimate.sum": {
            "value": 99.47410583496094,
            "min": 77.10023498535156,
            "max": 170.27716064453125,
            "count": 45
        },
        "SeekerBehavior.Losses.PolicyLoss.mean": {
            "value": 0.043450005090148035,
            "min": 0.04342176926675839,
            "max": 0.051609522061323014,
            "count": 45
        },
        "SeekerBehavior.Losses.PolicyLoss.sum": {
            "value": 0.5648500661719245,
            "min": 0.30960650048773025,
            "max": 0.7091676603670715,
            "count": 45
        },
        "SeekerBehavior.Losses.ValueLoss.mean": {
            "value": 0.022303996798577398,
            "min": 0.013964421936593705,
            "max": 0.04935828519794287,
            "count": 45
        },
        "SeekerBehavior.Losses.ValueLoss.sum": {
            "value": 0.28995195838150617,
            "min": 0.15824743257882673,
            "max": 0.6910159927712002,
            "count": 45
        },
        "SeekerBehavior.Policy.LearningRate.mean": {
            "value": 0.00026282827423673326,
            "min": 0.00026282827423673326,
            "max": 0.00027071102376299535,
            "count": 45
        },
        "SeekerBehavior.Policy.LearningRate.sum": {
            "value": 0.0034167675650775323,
            "min": 0.001624266142577972,
            "max": 0.0037854496921834817,
            "count": 45
        },
        "SeekerBehavior.Policy.Epsilon.mean": {
            "value": 0.1876094206153846,
            "min": 0.1876094206153846,
            "max": 0.1902370046666667,
            "count": 45
        },
        "SeekerBehavior.Policy.Epsilon.sum": {
            "value": 2.438922468,
            "min": 1.1414220280000003,
            "max": 2.6618165179999997,
            "count": 45
        },
        "SeekerBehavior.Policy.Beta.mean": {
            "value": 0.008762181119476924,
            "min": 0.008762181119476924,
            "max": 0.0090246767662,
            "count": 45
        },
        "SeekerBehavior.Policy.Beta.sum": {
            "value": 0.1139083545532,
            "min": 0.054148060597199996,
            "max": 0.12619547014819998,
            "count": 45
        },
        "SeekerBehavior.Losses.CuriosityForwardLoss.mean": {
            "value": 0.10717978673931369,
            "min": 0.06852716263256096,
            "max": 0.14067038278361516,
            "count": 45
        },
        "SeekerBehavior.Losses.CuriosityForwardLoss.sum": {
            "value": 1.393337227611078,
            "min": 0.4111629757953658,
            "max": 1.9693853589706123,
            "count": 45
        },
        "SeekerBehavior.Losses.CuriosityInverseLoss.mean": {
            "value": 1.1537573288733465,
            "min": 0.958303715269535,
            "max": 1.3451516635526024,
            "count": 45
        },
        "SeekerBehavior.Losses.CuriosityInverseLoss.sum": {
            "value": 14.998845275353503,
            "min": 8.070909981315614,
            "max": 18.831496613721054,
            "count": 45
        },
        "SeekerBehavior.Environment.EpisodeLength.mean": {
            "value": 352.975,
            "min": 255.8728813559322,
            "max": 396.38961038961037,
            "count": 45
        },
        "SeekerBehavior.Environment.EpisodeLength.sum": {
            "value": 28238.0,
            "min": 24483.0,
            "max": 32129.0,
            "count": 45
        },
        "SeekerBehavior.Environment.CumulativeReward.mean": {
            "value": 1.459412721451372,
            "min": 0.32746736987881986,
            "max": 2.252263869047165,
            "count": 45
        },
        "SeekerBehavior.Environment.CumulativeReward.sum": {
            "value": 116.75301771610975,
            "min": 24.560052740911487,
            "max": 184.76022165478207,
            "count": 45
        },
        "SeekerBehavior.Policy.ExtrinsicReward.mean": {
            "value": 1.459412721451372,
            "min": 0.32746736987881986,
            "max": 2.252263869047165,
            "count": 45
        },
        "SeekerBehavior.Policy.ExtrinsicReward.sum": {
            "value": 116.75301771610975,
            "min": 24.560052740911487,
            "max": 184.76022165478207,
            "count": 45
        },
        "SeekerBehavior.Policy.CuriosityReward.mean": {
            "value": 1.2440722680417822,
            "min": 0.7892510587146052,
            "max": 1.8675220096069904,
            "count": 45
        },
        "SeekerBehavior.Policy.CuriosityReward.sum": {
            "value": 99.52578144334257,
            "min": 62.73240349255502,
            "max": 168.07698086462915,
            "count": 45
        },
        "SeekerBehavior.IsTraining.mean": {
            "value": 1.0,
            "min": 1.0,
            "max": 1.0,
            "count": 45
        },
        "SeekerBehavior.IsTraining.sum": {
            "value": 1.0,
            "min": 1.0,
            "max": 1.0,
            "count": 45
        }
    },
    "metadata": {
        "timer_format_version": "0.1.0",
        "start_time_seconds": "1727167730",
        "python_version": "3.8.10 (tags/v3.8.10:3d8993a, May  3 2021, 11:48:03) [MSC v.1928 64 bit (AMD64)]",
        "command_line_arguments": "C:\\Work\\Unity projekti\\DiplomskiRad\\venv\\Scripts\\mlagents-learn HideAndSeek.yaml --torch-device cuda --run-id=TrainingSeekerWithTrainedHider01 --resume",
        "mlagents_version": "0.29.0",
        "mlagents_envs_version": "0.29.0",
        "communication_protocol_version": "1.5.0",
        "pytorch_version": "2.0.1+cu117",
        "numpy_version": "1.21.2",
        "end_time_seconds": "1727169919"
    },
    "total": 2189.0324593,
    "count": 1,
    "self": 0.00950779999993756,
    "children": {
        "run_training.setup": {
            "total": 0.1584886000000001,
            "count": 1,
            "self": 0.1584886000000001
        },
        "TrainerController.start_learning": {
            "total": 2188.8644629,
            "count": 1,
            "self": 0.9250689000223247,
            "children": {
                "TrainerController._reset_env": {
                    "total": 19.0611136,
                    "count": 1,
                    "self": 19.0611136
                },
                "TrainerController.advance": {
                    "total": 2168.7448227999776,
                    "count": 57035,
                    "self": 0.9967578000032518,